{
  "split_protocol": "temporal_holdout",
  "n_folds": 1,
  "baseline_name": "mean",
  "baseline_metrics": {
    "rmse": 0.7276812925749875,
    "mae": 0.6602906955289551
  },
  "point_metrics": {
    "rmse": 0.7278684446582391,
    "mae": 0.6602906955289551,
    "nrmse": 0.3186701037054889,
    "mase": 4.621200763217951,
    "theil_u": 0.9997432691484595
  },
  "probabilistic_metrics": {},
  "skill_score_rmse": -0.00025718963117676966,
  "data_hash": "c92f071d38fca2a5",
  "model_name": "PersistenceModel",
  "seed": 42,
  "version": "2.0.0-alpha"
}