{
  "split_protocol": "rolling_origin",
  "n_folds": 5,
  "baseline_name": "persistence",
  "baseline_metrics": {
    "rmse": 0.049068516085664586,
    "mae": 0.04419915144086097
  },
  "point_metrics": {
    "rmse": 0.0030709298206071066,
    "mae": 0.002972439955399515,
    "nrmse": 0.024794440633041558,
    "mase": 0.129279391246499,
    "theil_u": 0.054337538326774626
  },
  "probabilistic_metrics": {},
  "skill_score_rmse": 0.937415474002804,
  "data_hash": "73dfe4a223aaeea8",
  "model_name": "WaterTankModel",
  "seed": 42,
  "version": "2.0.0-alpha"
}