quantity,closed_form,numeric,rel_error
omega_ss,14.285714285714286,14.285732935603479,1.3054922434463378e-06
I_ss,2.857142857142857,2.857129573964231,4.6491125192282825e-06
