method,rmse
persistence,0.06920073032130032
drift,0.13469969678671445
ml,0.11371186266721926
physics,0.05495609519484384
hybrid,0.06106365222631666
