method,rmse
persistence,0.06920073032130032
drift,0.13469969678671445
ml,0.11371186266721926
physics,0.03416766526793908
hybrid,0.03706254469156859
