nominal,empirical
0.1,0.14410480349344978
0.2,0.2816593886462882
0.30000000000000004,0.40829694323144106
0.4,0.5414847161572053
0.5,0.6593886462882096
0.6,0.7663755458515283
0.7000000000000001,0.851528384279476
0.8,0.9104803493449781
0.9,0.9563318777292577
