cell,skill
B0006,-0.051896870595872446
B0045,0.12413939722484513
B0048,0.31968654140079045
B0047,0.38613145288967243
B0046,0.6323333412094774
B0018,0.6756497077456962
B0005,0.739416773196319
B0007,0.841787323061767
